sample,elapsed_s,total_ms,decode_wait_ms,prepare_ms,submit_to_flip_ms,other_ms
0,0.0053,3.778,2.339,0.062,1.13,0.247
1,0.013573,3.79,2.385,0.095,1.144,0.166
2,0.021847,3.844,2.361,0.066,1.225,0.192
3,0.030709,3.335,2.393,0.061,0.663,0.218
4,0.03916,4.554,2.398,0.091,0.837,1.228
5,0.046852,5.243,2.353,0.084,0.878,1.928
6,0.055397,5.066,2.401,0.065,0.879,1.721
7,0.063589,5.179,2.396,0.082,0.875,1.826
8,0.072196,4.907,2.38,0.075,0.881,1.571
9,0.082216,5.201,2.373,0.079,0.777,1.972
10,0.090673,5.063,2.385,0.082,0.775,1.821
11,0.09915,4.949,2.354,0.086,0.778,1.731
12,0.107397,5.063,2.387,0.075,0.801,1.8
13,0.115838,4.932,2.346,0.087,0.801,1.698
14,0.124406,4.772,2.375,0.08,0.875,1.442
15,0.132823,4.693,2.343,0.072,0.874,1.404
16,0.143219,3.426,2.365,0.083,0.796,0.182
17,0.15114,4.878,2.376,0.061,0.611,1.83
18,0.159753,4.765,2.36,0.071,0.799,1.535
19,0.168174,4.696,2.373,0.113,0.817,1.393
20,0.176126,5.091,2.347,0.064,0.827,1.853
21,0.184603,4.962,2.376,0.088,0.864,1.634
22,0.192791,5.247,2.392,0.1,0.912,1.843
23,0.201358,4.961,2.369,0.075,0.913,1.604
24,0.211776,3.392,2.341,0.058,0.786,0.207
25,0.222125,3.405,2.345,0.078,0.78,0.202
26,0.230227,3.6,2.379,0.087,0.977,0.157
27,0.238917,3.648,2.364,0.069,0.764,0.451
28,0.246894,3.884,2.33,0.073,1.157,0.324
29,0.25515,3.923,2.367,0.09,1.198,0.268
30,0.263769,4.996,2.345,0.088,0.806,1.757
31,0.271894,5.173,2.36,0.078,0.803,1.932
32,0.280707,4.719,2.395,0.071,0.8,1.453
33,0.288959,4.802,2.323,0.062,0.805,1.612
34,0.297373,4.735,2.374,0.089,0.822,1.45
35,0.305323,5.122,2.353,0.078,0.822,1.869
36,0.313878,4.956,2.338,0.076,0.873,1.669
37,0.322188,4.984,2.377,0.083,0.881,1.643
38,0.330677,4.803,2.396,0.06,0.879,1.468
39,0.340696,3.476,2.372,0.069,0.781,0.254
40,0.348967,3.516,2.346,0.06,0.871,0.239
41,0.357409,5.161,2.396,0.082,0.907,1.776
42,0.366156,4.775,2.386,0.079,0.907,1.403
43,0.374127,5.122,2.393,0.088,0.892,1.749
44,0.382938,4.669,2.349,0.091,0.897,1.332
45,0.39305,3.595,2.389,0.152,0.826,0.228
46,0.401172,3.834,2.362,0.084,1.132,0.256
47,0.409665,3.636,2.366,0.085,0.963,0.222
48,0.417703,3.923,2.381,0.076,1.247,0.219
49,0.426361,3.58,2.34,0.09,0.964,0.186
50,0.434371,3.931,2.378,0.113,1.228,0.212
51,0.442941,3.733,2.337,0.084,1.055,0.257
52,0.451593,4.622,2.398,0.096,0.776,1.352
53,0.461735,3.515,2.378,0.09,0.819,0.228
54,0.472155,3.568,2.384,0.107,0.815,0.262
55,0.480255,3.785,2.383,0.091,1.064,0.247
56,0.488572,3.768,2.379,0.116,1.055,0.218
57,0.49676,3.915,2.36,0.073,1.248,0.234
58,0.505334,3.654,2.384,0.101,0.971,0.198
59,0.513636,5.098,2.379,0.096,0.809,1.814
60,0.522022,5.058,2.4,0.086,2.354,0.218
61,0.530211,5.222,2.372,0.106,2.512,0.232
62,0.538864,4.954,2.349,0.117,0.817,1.671
63,0.547426,4.668,2.371,0.096,0.822,1.379
64,0.555268,5.217,2.363,0.09,0.853,1.911
65,0.563594,5.21,2.379,0.087,0.854,1.89
66,0.572342,4.767,2.363,0.097,0.855,1.452
67,0.582433,3.433,2.369,0.071,0.778,0.215
68,0.59087,3.387,2.342,0.089,0.703,0.253
69,0.599434,3.595,2.339,0.099,0.957,0.2
70,0.607559,4.971,2.385,0.108,0.795,1.683
71,0.615669,5.142,2.328,0.088,0.798,1.928
72,0.624323,4.815,2.369,0.113,0.798,1.535
73,0.632678,4.792,2.387,0.089,0.802,1.514
74,0.642816,3.397,2.353,0.09,0.676,0.278
75,0.651337,4.82,2.369,0.071,0.742,1.638
76,0.659469,5.155,2.378,0.094,0.848,1.835
77,0.667949,4.991,2.336,0.083,0.851,1.721
78,0.676796,4.466,2.346,0.078,0.845,1.197
79,0.684391,5.203,2.387,0.094,0.848,1.874
80,0.693,4.952,2.33,0.09,0.848,1.684
81,0.703317,3.519,2.403,0.085,0.84,0.191
82,0.713769,3.455,2.359,0.081,0.792,0.223
83,0.721931,3.614,2.389,0.07,0.941,0.214
84,0.730341,3.563,2.385,0.084,0.867,0.227
85,0.738604,3.642,2.403,0.113,0.902,0.224
86,0.747398,3.532,2.369,0.091,0.864,0.208
87,0.755098,4.17,2.345,0.081,1.522,0.222
88,0.763545,4.042,2.387,0.096,1.353,0.206
89,0.772083,3.844,2.378,0.098,1.166,0.202
90,0.780395,3.854,2.416,0.092,1.151,0.195
91,0.788929,4.874,2.361,0.102,0.86,1.551
92,0.797078,5.074,2.384,0.109,0.864,1.717
93,0.805275,5.174,2.38,0.065,0.866,1.863
94,0.813955,4.823,2.337,0.076,0.864,1.546
95,0.821995,5.103,2.372,0.08,0.865,1.786
96,0.832239,3.392,2.381,0.091,0.714,0.206
97,0.840778,3.323,2.337,0.064,0.666,0.256
98,0.849424,3.315,2.349,0.087,0.665,0.214
99,0.857276,5.108,2.364,0.071,0.718,1.955
100,0.865988,4.817,2.333,0.077,0.786,1.621
101,0.874213,4.896,2.358,0.098,0.783,1.657
102,0.882303,5.157,2.394,0.084,0.791,1.888
103,0.89308,3.48,2.367,0.08,0.807,0.226
104,0.901287,4.869,2.419,0.064,0.749,1.637
105,0.909857,4.663,2.392,0.073,0.753,1.445
106,0.917825,5.042,2.333,0.073,0.804,1.832
107,0.926243,4.959,2.372,0.06,0.804,1.723
108,0.93474,4.799,2.35,0.076,0.809,1.564
109,0.942885,5.005,2.333,0.074,0.808,1.79
110,0.953298,3.541,2.377,0.091,0.865,0.208
111,0.96369,3.293,2.401,0.074,0.611,0.207
112,0.971833,3.476,2.37,0.065,0.832,0.209
113,0.980338,3.658,2.377,0.162,0.839,0.28
114,0.989018,3.851,2.457,0.101,0.827,0.466
115,0.997088,3.994,2.373,0.086,1.211,0.324
116,1.005254,4.076,2.373,0.091,1.378,0.234
117,1.01356,4.059,2.387,0.068,1.388,0.216
118,1.022171,3.848,2.408,0.094,1.089,0.257
119,1.030604,3.668,2.36,0.116,1.013,0.179
120,1.038698,5.058,2.379,0.085,0.786,1.808
121,1.047249,4.778,2.395,0.081,0.784,1.518
122,1.055161,5.259,2.365,0.057,0.79,2.047
123,1.064061,4.663,2.401,0.07,0.79,1.402
124,1.072428,4.67,2.387,0.078,0.792,1.413
125,1.082382,5.057,2.37,0.082,0.731,1.874
126,1.091128,4.654,2.38,0.082,0.749,1.443
127,1.099589,4.548,2.339,0.083,0.783,1.343
128,1.10756,4.966,2.369,0.067,0.807,1.723
129,1.115969,4.856,2.348,0.075,0.81,1.623
130,1.123984,5.185,2.331,0.076,0.813,1.965
131,1.132592,4.924,2.384,0.098,0.809,1.633
132,1.143206,3.625,2.385,0.089,0.896,0.255
133,1.151159,3.981,2.345,0.083,1.319,0.234
134,1.159812,3.658,2.351,0.063,0.994,0.25
135,1.167629,4.147,2.414,0.064,1.444,0.225
136,1.176317,3.784,2.375,0.087,1.127,0.195
137,1.184307,4.123,2.332,0.056,1.514,0.221
138,1.192897,3.936,2.365,0.063,1.225,0.283
139,1.201205,3.927,2.357,0.093,1.259,0.218
140,1.211563,5.024,2.39,0.069,0.744,1.821
141,1.222106,3.505,2.372,0.07,0.823,0.24
142,1.230263,3.657,2.348,0.074,1.022,0.213
143,1.238685,3.585,2.388,0.061,0.899,0.237
144,1.246956,3.64,2.352,0.071,0.993,0.224
145,1.255089,3.848,2.337,0.082,1.209,0.22
146,1.26364,3.626,2.429,0.056,0.901,0.24
147,1.271894,3.705,2.351,0.054,1.059,0.241
148,1.280388,4.985,2.378,0.064,0.784,1.759
149,1.289029,4.761,2.391,0.086,0.783,1.501
150,1.296908,5.119,2.359,0.085,0.787,1.888
151,1.305376,4.989,2.343,0.062,0.793,1.791
152,1.31421,4.542,2.358,0.078,0.793,1.313
153,1.321999,5.035,2.365,0.072,0.797,1.801
154,1.332292,3.319,2.395,0.094,0.621,0.209
155,1.340792,3.472,2.354,0.068,0.834,0.216
156,1.349288,4.789,2.387,0.078,0.789,1.535
157,1.357175,5.273,2.387,0.059,0.812,2.015
158,1.365889,4.87,2.387,0.072,0.823,1.588
159,1.373832,5.259,2.356,0.075,0.83,1.998
160,1.382495,4.94,2.361,0.065,0.835,1.679
161,1.391319,4.47,2.387,0.086,0.844,1.153
162,1.401227,3.496,2.364,0.062,0.862,0.208
163,1.409788,3.508,2.347,0.064,0.858,0.239
164,1.417792,3.818,2.388,0.061,1.152,0.217
165,1.426116,4.97,2.383,0.082,0.712,1.793
166,1.434812,4.638,2.387,0.076,0.744,1.431
167,1.442748,5.035,2.349,0.075,0.749,1.862
168,1.451217,4.916,2.344,0.067,0.755,1.75
169,1.459832,4.617,2.36,0.073,0.759,1.425
170,1.470166,4.739,2.382,0.074,0.737,1.546
171,1.480283,3.519,2.341,0.087,0.85,0.241
172,1.488501,3.597,2.375,0.082,0.93,0.21
173,1.496988,3.503,2.382,0.092,0.836,0.193
174,1.505328,3.551,2.337,0.079,0.877,0.258
175,1.513498,3.687,2.395,0.065,0.982,0.245
176,1.521981,3.496,2.362,0.057,0.864,0.213
177,1.530264,3.544,2.352,0.068,0.926,0.198
178,1.538524,3.613,2.34,0.075,1.012,0.186
179,1.547339,3.301,2.376,0.084,0.669,0.172
180,1.555094,3.9,2.342,0.081,1.28,0.197
181,1.56362,3.688,2.384,0.085,1.037,0.182
182,1.57227,3.442,2.345,0.056,0.818,0.223
183,1.580575,3.469,2.397,0.1,0.786,0.186
184,1.59061,5.098,2.411,0.078,0.776,1.833
185,1.599186,4.886,2.371,0.089,0.804,1.622
186,1.607684,4.688,2.392,0.059,0.8,1.437
187,1.615594,5.137,2.383,0.075,0.808,1.871
188,1.62421,4.94,2.411,0.112,0.855,1.562
189,1.632444,5.016,2.384,0.063,0.861,1.708
190,1.642737,5.066,2.368,0.085,0.779,1.834
191,1.651247,4.888,2.377,0.058,0.777,1.676
192,1.659783,4.681,2.351,0.076,0.783,1.471
193,1.667808,4.989,2.351,0.081,0.786,1.771
194,1.67635,4.781,2.388,0.087,0.782,1.524
195,1.684638,4.823,2.396,0.073,0.787,1.567
196,1.692754,5.075,2.364,0.077,0.807,1.827
197,1.701503,4.841,2.409,0.073,0.808,1.551
198,1.709811,4.686,2.348,0.076,0.806,1.456
199,1.720121,4.773,2.343,0.077,0.76,1.593
200,1.730226,3.521,2.368,0.087,0.848,0.218
201,1.738573,3.469,2.338,0.089,0.856,0.186
202,1.746983,3.383,2.355,0.089,0.777,0.162
203,1.755132,3.59,2.343,0.074,0.972,0.201
204,1.763901,3.226,2.358,0.069,0.613,0.186
205,1.771909,3.643,2.324,0.064,0.977,0.278
206,1.780761,3.181,2.324,0.064,0.601,0.192
207,1.788584,3.723,2.388,0.111,1.028,0.196
208,1.797177,3.471,2.341,0.082,0.836,0.212
209,1.805177,3.789,2.395,0.091,1.117,0.186
210,1.813785,3.497,2.372,0.061,0.862,0.202
211,1.822117,3.524,2.336,0.09,0.902,0.196
212,1.830453,3.492,2.373,0.061,0.861,0.197
213,1.840703,4.783,2.401,0.104,0.559,1.719
214,1.849282,4.616,2.387,0.08,0.651,1.498
215,1.85749,4.963,2.391,0.083,0.835,1.654
216,1.866028,4.752,2.38,0.08,0.839,1.453
217,1.874403,4.705,2.375,0.083,0.837,1.41
218,1.882626,4.818,2.365,0.082,0.837,1.534
219,1.892658,3.493,2.385,0.063,0.838,0.207
220,1.90118,4.943,2.346,0.076,0.751,1.77
221,1.909686,4.78,2.388,0.075,0.786,1.531
222,1.918694,5.028,2.351,0.078,0.794,1.805
223,1.926667,4.883,2.262,0.055,0.798,1.768
224,1.935169,4.795,2.345,0.076,0.799,1.575
225,1.943411,5.023,2.364,0.096,0.798,1.765
226,1.951817,4.775,2.336,0.067,0.795,1.577
227,1.961875,5.149,2.359,0.068,0.774,1.948
228,1.970698,4.633,2.362,0.088,0.841,1.342
229,1.978391,5.279,2.334,0.069,0.843,2.033
230,1.98716,4.843,2.334,0.086,0.843,1.58
231,1.995164,5.279,2.387,0.101,0.839,1.952
232,2.003689,4.979,2.39,0.071,0.822,1.696
233,2.014479,3.71,2.37,0.092,0.66,0.588
234,2.022357,4.148,2.365,0.235,0.957,0.591
235,2.031162,3.944,2.379,0.103,0.857,0.605
236,2.038952,4.532,2.355,0.091,1.433,0.653
237,2.047209,5.129,2.343,0.083,0.93,1.773
238,2.055518,5.218,2.359,0.088,0.929,1.842
239,2.064365,4.899,2.376,0.085,0.934,1.504
240,2.072585,4.903,2.393,0.076,0.934,1.5
241,2.08269,3.656,2.384,0.072,0.618,0.582
242,2.091182,4.873,2.355,0.09,0.711,1.717
243,2.099736,4.71,2.329,0.081,0.716,1.584
244,2.107976,5.308,2.332,0.085,1.228,1.663
245,2.11597,5.502,2.303,0.108,1.227,1.864
246,2.12508,5.202,2.41,0.172,1.229,1.391
247,2.13254,5.457,2.348,0.094,1.234,1.781
248,2.140947,5.414,2.311,0.142,1.342,1.619
249,2.151298,3.556,2.358,0.096,0.868,0.234
250,2.161463,3.984,2.394,0.087,1.245,0.258
251,2.169885,3.843,2.383,0.088,1.176,0.196
252,2.178103,4.007,2.354,0.077,1.319,0.257
253,2.186572,3.817,2.388,0.083,1.152,0.194
254,2.194769,3.982,2.358,0.068,1.317,0.239
255,2.20299,4.067,2.415,0.084,1.371,0.197
256,2.211611,3.761,2.424,0.063,1.072,0.202
257,2.220295,3.537,2.39,0.099,0.872,0.176
258,2.228264,3.942,2.47,0.077,1.167,0.228
259,2.236668,3.874,2.386,0.06,1.18,0.248
260,2.244995,4.933,2.394,0.102,0.81,1.627
261,2.253022,5.264,2.381,0.063,0.814,2.006
262,2.263898,4.671,2.382,0.067,0.678,1.544
263,2.272014,5.079,2.375,0.078,0.752,1.874
264,2.280393,5.156,2.317,0.114,0.974,1.751
265,2.28893,5.007,2.299,0.14,0.973,1.595
266,2.297049,5.248,2.399,0.099,0.984,1.766
267,2.305574,5.034,2.406,0.128,0.973,1.527
268,2.31354,5.368,2.338,0.128,0.982,1.92
269,2.322323,5.211,2.37,0.141,0.975,1.725
270,2.332381,5.278,2.289,0.106,0.902,1.981
271,2.340848,5.179,2.38,0.119,0.957,1.723
272,2.349395,5.054,2.303,0.155,1.079,1.517
273,2.35727,5.562,2.276,0.089,1.079,2.118
274,2.365864,5.238,2.309,0.109,1.077,1.743
275,2.374321,5.115,2.33,0.104,1.079,1.602
276,2.382507,5.402,2.433,0.09,1.08,1.799
277,2.391052,5.029,2.361,0.099,1.077,1.492
278,2.401251,4.927,2.398,0.115,0.759,1.655
279,2.411637,3.387,2.411,0.079,0.67,0.227
280,2.419748,3.609,2.364,0.087,0.94,0.218
281,2.42807,3.648,2.376,0.089,0.938,0.245
282,2.436477,3.541,2.377,0.084,0.868,0.212
283,2.444738,3.613,2.359,0.073,0.956,0.225
284,2.45328,3.458,2.352,0.107,0.791,0.208
285,2.46133,3.729,2.377,0.098,1.063,0.191
286,2.469932,3.498,2.369,0.086,0.842,0.201
287,2.478507,3.483,2.372,0.097,0.792,0.222
288,2.486718,3.588,2.353,0.064,0.946,0.225
289,2.495138,3.558,2.381,0.111,0.839,0.227
290,2.503219,3.78,2.386,0.084,1.116,0.194
291,2.511787,3.557,2.332,0.069,0.935,0.221
292,2.521753,5.122,2.311,0.072,0.683,2.056
293,2.530124,5.119,2.382,0.067,0.695,1.975
294,2.538495,5.073,2.386,0.08,0.707,1.9
295,2.547056,4.852,2.381,0.085,0.701,1.685
296,2.555166,5.068,2.343,0.076,0.701,1.948
297,2.563622,4.985,2.386,0.081,0.725,1.793
298,2.57204,4.889,2.368,0.083,0.728,1.71
299,2.580621,4.672,2.406,0.07,0.745,1.451
300,2.590798,3.215,2.345,0.064,0.589,0.217
301,2.599261,3.382,2.409,0.084,0.708,0.181
302,2.607354,3.634,2.373,0.099,0.976,0.186
303,2.615905,4.721,2.365,0.101,0.668,1.587
304,2.623882,5.111,2.343,0.094,0.67,2.004
305,2.632557,4.744,2.464,0.069,0.677,1.534
306,2.64095,4.74,2.376,0.087,0.744,1.533
307,2.651308,3.247,2.382,0.09,0.594,0.181
308,2.661618,3.524,2.393,0.078,0.838,0.215
309,2.66979,3.683,2.354,0.054,1.045,0.23
310,2.678028,3.759,2.38,0.092,1.108,0.179
311,2.686484,3.665,2.386,0.07,0.986,0.223
312,2.694778,3.703,2.362,0.071,1.047,0.223
313,2.703245,4.96,2.375,0.074,0.735,1.776
314,2.711393,5.116,2.39,0.085,0.736,1.905
315,2.719874,4.979,2.357,0.082,0.743,1.797
316,2.728346,4.849,2.39,0.07,0.759,1.63
317,2.736553,4.988,2.41,0.083,0.755,1.74
318,2.744998,4.9,2.421,0.079,0.771,1.629
319,2.753102,5.142,2.371,0.067,0.771,1.933
320,2.761761,4.789,2.352,0.08,0.769,1.588
321,2.772186,4.702,2.402,0.083,0.701,1.516
322,2.780543,4.726,2.394,0.069,0.738,1.525
323,2.788555,5.05,2.386,0.081,0.737,1.846
324,2.79713,4.839,2.355,0.091,0.767,1.626
325,2.805208,5.142,2.347,0.062,0.801,1.932
326,2.813919,4.742,2.376,0.096,0.793,1.477
327,2.821835,5.145,2.327,0.077,0.801,1.94
328,2.830567,4.755,2.39,0.066,0.799,1.5
329,2.840727,3.445,2.374,0.068,0.802,0.201
330,2.849277,3.289,2.404,0.086,0.608,0.191
331,2.8573,3.606,2.395,0.095,0.927,0.189
332,2.865821,3.419,2.357,0.069,0.779,0.214
333,2.874332,3.514,2.385,0.087,0.854,0.188
334,2.882339,5.052,2.397,0.076,0.777,1.802
335,2.893164,3.359,2.38,0.074,0.678,0.227
336,2.903073,3.315,2.382,0.078,0.639,0.216
337,2.911436,3.382,2.406,0.084,0.682,0.21
338,2.919784,3.338,2.35,0.071,0.723,0.194
339,2.928117,3.376,2.348,0.075,0.729,0.224
340,2.936566,3.287,2.388,0.103,0.625,0.171
341,2.944762,3.428,2.352,0.065,0.808,0.203
342,2.953191,3.352,2.385,0.093,0.68,0.194
343,2.961566,3.478,2.362,0.092,0.836,0.188
344,2.970163,4.609,2.365,0.084,0.678,1.482
345,2.97838,4.796,2.427,0.067,0.742,1.56
346,2.986869,4.675,2.354,0.075,0.775,1.471
347,2.995113,4.886,2.367,0.084,0.854,1.581
348,3.003189,5.132,2.349,0.074,0.858,1.851
349,3.011716,4.921,2.399,0.077,0.86,1.585
350,3.020182,4.783,2.372,0.079,0.865,1.467
351,3.030178,3.334,2.407,0.095,0.667,0.165
352,3.038764,3.463,2.355,0.064,0.838,0.206
353,3.047297,3.478,2.356,0.075,0.865,0.182
354,3.055282,3.867,2.351,0.089,1.218,0.209
355,3.063738,3.736,2.356,0.07,1.092,0.218
356,3.072261,3.601,2.401,0.085,0.914,0.201
357,3.082387,4.958,2.372,0.087,0.747,1.752
358,3.090918,4.761,2.335,0.08,0.749,1.597
359,3.098923,5.093,2.339,0.108,0.75,1.896
360,3.107352,5.01,2.386,0.084,0.751,1.789
361,3.115838,4.834,2.281,0.11,0.752,1.691
362,3.123924,5.101,2.35,0.086,0.758,1.907
363,3.132241,5.121,2.379,0.08,0.76,1.902
364,3.14081,4.887,2.347,0.082,0.763,1.695
365,3.15095,5.015,2.39,0.081,0.602,1.942
366,3.159533,4.978,2.365,0.089,0.787,1.737
367,3.167868,4.956,2.391,0.084,0.79,1.691
368,3.176338,4.811,2.37,0.064,0.789,1.588
369,3.184305,5.168,2.381,0.073,0.785,1.929
370,3.192845,4.989,2.345,0.082,0.8,1.762
371,3.201405,4.76,2.393,0.077,0.8,1.49
372,3.21197,3.44,2.378,0.098,0.768,0.196
373,3.219882,4.899,2.341,0.078,0.668,1.812
374,3.228603,4.525,2.377,0.067,0.679,1.402
375,3.236471,5.079,2.349,0.077,0.773,1.88
376,3.244891,5.04,2.344,0.092,0.798,1.806
377,3.253477,4.793,2.384,0.079,0.795,1.535
378,3.261616,4.985,2.395,0.068,0.82,1.702
379,3.271946,3.481,2.377,0.09,0.826,0.188
380,3.280463,3.305,2.385,0.093,0.65,0.177
381,3.288478,3.624,2.387,0.086,0.968,0.183
382,3.296792,3.644,2.333,0.068,1.044,0.199
383,3.305496,3.468,2.384,0.103,0.788,0.193
384,3.313579,3.713,2.397,0.077,1.038,0.201
385,3.322088,3.542,2.38,0.08,0.882,0.2
386,3.332243,5.159,2.37,0.075,0.785,1.929
387,3.340691,5.032,2.36,0.076,0.788,1.808
388,3.34892,5.15,2.342,0.082,0.786,1.94
389,3.357638,4.834,2.399,0.086,0.849,1.5
390,3.365506,5.3,2.337,0.085,0.853,2.025
391,3.374108,5.055,2.42,0.075,0.849,1.711
392,3.382467,5.008,2.39,0.089,0.856,1.673
393,3.391009,4.797,2.38,0.077,0.854,1.486
394,3.401376,4.56,2.373,0.078,0.597,1.512
395,3.409378,5.086,2.346,0.071,0.776,1.893
396,3.418066,4.775,2.378,0.084,0.815,1.498
397,3.426041,5.144,2.381,0.068,0.816,1.879
398,3.434544,4.966,2.391,0.079,0.818,1.678
399,3.4426,5.232,2.394,0.082,0.816,1.94
400,3.451162,5.01,2.345,0.078,0.814,1.773
401,3.461862,3.187,2.348,0.068,0.563,0.208
402,3.469728,3.65,2.342,0.06,1.04,0.208
403,3.478277,3.491,2.39,0.084,0.845,0.172
404,3.486828,3.285,2.335,0.062,0.678,0.21
405,3.494908,4.998,2.348,0.08,0.8,1.77
406,3.50335,4.891,2.395,0.075,0.798,1.623
407,3.511564,5.0,2.382,0.087,0.795,1.736
408,3.520165,4.8,2.343,0.08,0.82,1.557
409,3.530532,3.338,2.389,0.098,0.674,0.177
410,3.540516,3.521,2.408,0.118,0.804,0.191
411,3.549061,3.46,2.383,0.115,0.763,0.199
412,3.557374,3.446,2.41,0.052,0.777,0.207
413,3.565454,3.721,2.366,0.078,1.083,0.194
414,3.574007,3.515,2.392,0.063,0.837,0.223
415,3.582275,3.555,2.389,0.088,0.903,0.175
416,3.590807,3.364,2.35,0.063,0.745,0.206
417,3.5992,3.301,2.378,0.082,0.658,0.183
418,3.607148,3.692,2.388,0.064,1.031,0.209
419,3.615772,3.453,2.362,0.059,0.823,0.209
420,3.624192,3.427,2.354,0.072,0.808,0.193
421,3.632544,4.776,2.396,0.078,0.727,1.575
422,3.640923,4.74,2.347,0.077,0.73,1.586
423,3.650958,5.169,2.347,0.06,0.791,1.971
424,3.659588,4.88,2.419,0.086,0.786,1.589
425,3.667777,5.03,2.351,0.092,0.792,1.795
426,3.676438,4.699,2.39,0.073,0.79,1.446
427,3.684249,5.262,2.382,0.078,0.836,1.966
428,3.692889,5.03,2.332,0.098,0.865,1.735
429,3.701193,5.045,2.363,0.067,0.871,1.744
430,3.709856,4.677,2.296,0.078,0.867,1.436
431,3.719726,5.695,2.341,0.093,1.304,1.957
432,3.728256,5.481,2.377,0.064,1.308,1.732
433,3.736816,5.285,2.353,0.085,1.31,1.537
434,3.744876,5.54,2.341,0.095,1.312,1.792
435,3.753158,5.578,2.363,0.073,1.304,1.838
436,3.761638,5.446,2.389,0.091,1.31,1.656
437,3.772471,3.33,2.392,0.086,0.653,0.199
438,3.782192,3.431,2.377,0.089,0.779,0.186
439,3.790524,3.421,2.383,0.089,0.777,0.172
440,3.799102,3.492,2.369,0.077,0.838,0.208
441,3.807319,3.582,2.408,0.096,0.892,0.186
442,3.815546,3.704,2.344,0.087,1.084,0.189
443,3.823855,3.72,2.349,0.064,1.11,0.197
444,3.832194,5.005,2.388,0.081,0.6,1.936
445,3.840687,5.024,2.366,0.076,0.787,1.795
446,3.849267,4.788,2.375,0.064,0.786,1.563
447,3.857203,5.153,2.29,0.068,0.785,2.01
448,3.866046,4.831,2.359,0.078,0.791,1.603
449,3.874117,4.968,2.385,0.069,0.789,1.725
450,3.882174,5.234,2.348,0.09,0.791,2.005
451,3.890878,4.85,2.328,0.073,0.787,1.662
452,3.901326,3.195,2.335,0.085,0.603,0.172
453,3.90968,3.266,2.364,0.064,0.593,0.245
454,3.917732,3.517,2.356,0.054,0.883,0.224
455,3.926242,4.701,2.401,0.058,0.579,1.663
456,3.934299,5.033,2.396,0.076,0.641,1.92
457,3.942843,4.908,2.357,0.071,0.756,1.724
458,3.951306,4.797,2.39,0.058,0.756,1.593
459,3.961649,3.443,2.395,0.071,0.809,0.168
460,3.969827,3.614,2.334,0.064,1.025,0.191
461,3.978342,3.467,2.389,0.076,0.819,0.183
462,3.986487,3.646,2.384,0.088,1.005,0.169
463,3.995013,3.464,2.347,0.065,0.854,0.198
464,4.003197,3.614,2.387,0.067,0.968,0.192
465,4.011695,3.479,2.353,0.078,0.874,0.174
466,4.020017,3.586,2.375,0.08,0.862,0.269
467,4.030206,4.997,2.375,0.058,0.674,1.89
468,4.040557,3.476,2.392,0.083,0.813,0.188
469,4.049074,3.551,2.413,0.071,0.848,0.219
470,4.057274,3.662,2.349,0.086,1.044,0.183
471,4.065475,3.797,2.343,0.083,1.189,0.182
472,4.074034,3.583,2.39,0.079,0.911,0.203
473,4.082275,5.083,2.386,0.078,0.784,1.835
474,4.090881,4.815,2.335,0.07,0.778,1.632
475,4.099195,4.827,2.394,0.083,0.78,1.57
476,4.107658,4.721,2.351,0.084,0.787,1.499
477,4.115849,4.856,2.347,0.085,0.786,1.638
478,4.124017,5.025,2.35,0.07,0.782,1.823
479,4.132152,5.21,2.403,0.091,0.805,1.911
480,4.14307,3.263,2.376,0.059,0.616,0.212
481,4.151142,4.83,2.398,0.051,0.644,1.737
482,4.159445,5.028,2.397,0.082,0.792,1.757
483,4.167952,4.873,2.374,0.082,0.794,1.623
484,4.176024,5.166,2.368,0.07,0.836,1.892
485,4.184527,4.968,2.382,0.079,0.836,1.671
486,4.193139,4.694,2.398,0.087,0.833,1.376
487,4.201113,5.071,2.398,0.071,0.833,1.769
488,4.211668,3.478,2.376,0.076,0.828,0.198
489,4.219867,3.628,2.361,0.065,0.978,0.224
490,4.228391,3.564,2.384,0.074,0.895,0.211
491,4.236714,3.581,2.334,0.082,0.961,0.204
492,4.245155,4.835,2.348,0.076,0.896,1.515
493,4.253147,5.228,2.389,0.071,0.896,1.872
494,4.261309,5.35,2.38,0.082,0.912,1.976
495,4.272187,3.894,2.335,0.095,1.281,0.183
496,4.282229,3.836,2.428,0.155,1.006,0.247
497,4.290675,3.741,2.331,0.077,1.089,0.244
498,4.298889,3.823,2.491,0.175,0.934,0.223
499,4.307105,3.959,2.327,0.122,1.283,0.227
500,4.315563,3.856,2.343,0.094,1.177,0.242
501,4.323927,3.803,2.362,0.104,1.116,0.221
502,4.332153,5.283,2.366,0.072,0.842,2.003
503,4.340721,5.067,2.331,0.089,0.843,1.804
504,4.34956,4.557,2.374,0.088,0.835,1.26
505,4.357297,5.13,2.366,0.092,0.836,1.836
506,4.36567,5.095,2.369,0.084,0.841,1.801
507,4.374259,4.832,2.378,0.088,0.839,1.527
508,4.382583,4.86,2.384,0.089,0.842,1.545
509,4.390832,4.943,2.352,0.068,0.843,1.68
510,4.401062,3.536,2.351,0.068,0.846,0.271
511,4.40963,3.582,2.387,0.062,0.898,0.235
512,4.417741,3.799,2.34,0.055,1.167,0.237
513,4.426511,4.716,2.374,0.084,0.894,1.364
514,4.43434,5.215,2.375,0.073,0.897,1.87
515,4.442818,5.084,2.341,0.075,0.899,1.769
516,4.45141,4.799,2.322,0.061,0.894,1.522
517,4.461493,3.341,2.392,0.095,0.618,0.236
518,4.469757,3.372,2.344,0.056,0.752,0.22
519,4.478179,3.526,2.4,0.151,0.777,0.198
520,4.48689,3.432,2.365,0.072,0.786,0.209
521,4.494789,3.866,2.339,0.046,1.243,0.238
522,4.503625,3.468,2.374,0.048,0.807,0.239
523,4.511494,3.931,2.36,0.064,1.28,0.227
524,4.521822,5.083,2.49,0.069,0.742,1.782
525,4.530295,4.972,2.373,0.048,0.766,1.785
526,4.538784,4.856,2.338,0.068,0.804,1.646
527,4.546951,5.027,2.37,0.068,0.802,1.787
528,4.555343,4.947,2.37,0.047,0.805,1.725
529,4.563231,5.391,2.368,0.066,0.826,2.131
530,4.572116,4.871,2.384,0.065,0.842,1.58
531,4.58268,4.599,2.342,0.049,0.756,1.452
532,4.590624,4.994,2.365,0.059,0.778,1.792
533,4.599206,4.751,2.358,0.073,0.799,1.521
534,4.607295,4.993,2.371,0.05,0.838,1.734
535,4.615872,4.774,2.36,0.065,0.863,1.486
536,4.624069,4.93,2.341,0.064,0.872,1.653
537,4.632339,4.947,2.374,0.048,0.871,1.654
538,4.640806,4.835,2.369,0.064,0.873,1.529
539,4.651221,4.723,2.329,0.069,0.761,1.564
540,4.659252,5.012,2.373,0.047,0.757,1.835
541,4.667802,4.806,2.382,0.071,0.778,1.575
542,4.676376,4.57,2.367,0.064,0.787,1.352
543,4.684308,4.99,2.359,0.047,0.793,1.791
544,4.692662,4.978,2.33,0.064,0.795,1.789
545,4.701152,4.807,2.39,0.077,0.803,1.537
546,4.709735,4.588,2.345,0.044,0.797,1.402
547,4.720169,3.426,2.348,0.069,0.791,0.218
548,4.730149,3.391,2.345,0.057,0.754,0.235
549,4.73868,3.267,2.344,0.046,0.651,0.226
550,4.746831,3.475,2.338,0.036,0.842,0.259
551,4.755154,3.479,2.368,0.055,0.832,0.224
552,4.763297,3.658,2.382,0.069,1.013,0.194
553,4.771773,3.528,2.353,0.046,0.895,0.234
554,4.780211,3.476,2.382,0.057,0.829,0.208
555,4.788808,3.462,2.363,0.049,0.818,0.232
556,4.796799,3.8,2.343,0.048,1.185,0.224
557,4.805139,3.817,2.347,0.068,1.173,0.229
558,4.814028,4.407,2.351,0.065,0.738,1.253
559,4.821934,4.834,2.381,0.065,0.763,1.625
560,4.830445,4.66,2.373,0.044,0.762,1.481
561,4.840719,3.328,2.375,0.063,0.656,0.234
562,4.849226,3.544,2.403,0.053,0.852,0.236
563,4.857577,3.532,2.37,0.071,0.871,0.22
564,4.865381,4.041,2.349,0.053,1.424,0.215
565,4.874148,3.622,2.372,0.085,0.968,0.197
566,4.882325,3.789,2.373,0.058,1.123,0.235
567,4.891136,3.51,2.359,0.064,0.881,0.206
568,4.901311,4.587,2.324,0.046,0.762,1.455
569,4.90936,4.894,2.401,0.044,0.762,1.687
570,4.917899,4.809,2.375,0.063,0.869,1.502
571,4.926013,5.049,2.361,0.065,0.869,1.754
572,4.934407,4.969,2.36,0.045,0.87,1.694
573,4.942763,4.986,2.351,0.057,0.901,1.677
574,4.951235,4.836,2.375,0.066,0.884,1.511
575,4.961778,3.472,2.382,0.047,0.805,0.238
576,4.971834,3.531,2.355,0.056,0.88,0.24
577,4.980185,3.546,2.364,0.077,0.859,0.246
578,4.988533,3.531,2.378,0.089,0.865,0.199
579,4.996902,3.545,2.376,0.062,0.878,0.229
580,5.005173,3.672,2.407,0.083,0.996,0.186
581,5.013429,3.766,2.378,0.078,1.105,0.205
582,5.022284,3.56,2.348,0.059,0.925,0.228
583,5.030447,3.729,2.368,0.036,1.081,0.244
584,5.038807,4.676,2.356,0.071,0.8,1.449
585,5.046886,4.912,2.303,0.064,0.804,1.741
586,5.055219,4.944,2.341,0.072,0.813,1.718
587,5.063854,4.645,2.344,0.063,0.814,1.424
588,5.071861,4.968,2.342,0.044,0.814,1.768
589,5.082492,4.74,2.384,0.044,0.802,1.51
590,5.090891,4.667,2.34,0.06,0.801,1.466
591,5.099058,4.872,2.354,0.07,0.807,1.641
592,5.107695,4.537,2.337,0.047,0.807,1.346
593,5.115536,5.043,2.371,0.059,0.81,1.803
594,5.124241,4.665,2.397,0.061,0.807,1.4
595,5.132237,5.008,2.366,0.046,0.803,1.793
596,5.141019,4.617,2.403,0.074,0.831,1.309
597,5.151243,4.751,2.385,0.061,0.807,1.498
598,5.159281,5.027,2.331,0.074,0.806,1.816
599,5.16775,4.911,2.339,0.045,0.807,1.72
600,5.17616,4.831,2.405,0.059,0.808,1.559
601,5.184246,5.063,2.378,0.048,0.806,1.831
602,5.192899,4.724,2.297,0.059,0.808,1.56
603,5.201293,4.699,2.353,0.074,0.81,1.462
604,5.211334,3.506,2.361,0.068,0.869,0.208
605,5.219984,3.471,2.367,0.06,0.806,0.238
606,5.228416,3.499,2.367,0.069,0.851,0.212
607,5.23652,3.737,2.354,0.075,1.096,0.212
608,5.244943,4.98,2.425,0.09,0.956,1.509
609,5.253067,5.2,2.354,0.071,0.958,1.817
610,5.26169,4.891,2.341,0.068,0.956,1.526
611,5.27188,3.307,2.352,0.075,0.662,0.218
612,5.280326,3.351,2.39,0.068,0.693,0.2
613,5.288825,4.664,2.363,0.065,0.799,1.437
614,5.297186,4.608,2.348,0.074,0.8,1.386
615,5.305202,4.941,2.353,0.055,0.803,1.73
616,5.31377,4.732,2.366,0.055,0.813,1.498
617,5.321834,5.105,2.379,0.061,0.928,1.737
618,5.332272,3.432,2.365,0.066,0.791,0.21
619,5.340666,3.447,2.404,0.055,0.793,0.195
620,5.348827,3.667,2.4,0.085,0.975,0.207
621,5.357792,3.5,2.405,0.053,0.811,0.231
622,5.365823,3.815,2.407,0.085,1.113,0.21
623,5.374202,3.748,2.434,0.076,1.041,0.197
624,5.382353,3.98,2.38,0.15,1.214,0.236
625,5.391121,3.856,2.469,0.109,0.896,0.382
626,5.401323,4.802,2.425,0.107,0.786,1.484
627,5.411376,3.531,2.382,0.109,0.825,0.215
628,5.419789,3.407,2.378,0.062,0.762,0.205
629,5.428156,3.792,2.444,0.134,0.894,0.32
630,5.436609,3.58,2.406,0.069,0.868,0.237
631,5.444696,3.813,2.362,0.083,1.158,0.21
632,5.452949,3.894,2.319,0.109,1.264,0.202
633,5.461555,3.658,2.425,0.098,0.89,0.245
634,5.470168,5.073,2.239,0.15,0.952,1.732
635,5.478358,4.984,2.374,0.116,0.958,1.536
636,5.486574,5.056,2.34,0.116,0.953,1.647
637,5.494764,5.268,2.379,0.101,0.953,1.835
638,5.503243,5.011,2.312,0.103,0.956,1.64
639,5.511837,4.964,2.29,0.125,0.954,1.595
640,5.522163,3.858,2.288,0.097,0.867,0.606
641,5.530281,3.742,2.367,0.12,0.974,0.281
642,5.539092,3.668,2.303,0.101,0.788,0.476
643,5.547545,3.907,2.367,0.174,0.927,0.439
644,5.555503,4.371,2.335,0.13,1.382,0.524
645,5.56381,4.341,2.294,0.118,1.46,0.469
646,5.572208,4.287,2.366,0.176,1.245,0.5
647,5.580748,4.052,2.29,0.126,1.174,0.462
648,5.590668,5.234,2.361,0.15,0.976,1.747
649,5.599241,5.105,2.302,0.15,0.968,1.685
650,5.608185,5.02,2.39,0.204,0.951,1.475
651,5.61631,4.993,2.375,0.104,0.978,1.536
652,5.624631,5.017,2.376,0.215,0.956,1.47
653,5.632917,5.165,2.38,0.156,0.976,1.653
654,5.640996,4.872,2.333,0.068,0.977,1.494
655,5.651716,3.876,2.336,0.072,0.835,0.633
656,5.661759,3.699,2.344,0.064,0.665,0.626
657,5.670125,4.409,2.372,0.084,1.33,0.623
658,5.678689,4.475,2.349,0.102,1.159,0.865
659,5.687221,4.298,2.359,0.083,1.01,0.846
660,5.695202,4.562,2.321,0.074,1.416,0.751
661,5.703626,4.853,2.378,0.075,1.662,0.738
662,5.712137,4.805,2.342,0.081,1.512,0.87
663,5.720251,4.879,2.411,0.08,1.667,0.721
664,5.728868,4.648,2.344,0.084,1.443,0.777
665,5.737202,4.591,2.36,0.097,1.415,0.719
666,5.745304,4.815,2.334,0.081,1.688,0.712
667,5.753406,5.007,2.354,0.076,1.906,0.671
668,5.762342,4.46,2.404,0.083,1.25,0.723
669,5.772351,5.421,2.354,0.063,1.141,1.863
670,5.781169,4.956,2.377,0.113,1.136,1.33
671,5.788708,5.346,2.297,0.076,1.14,1.833
672,5.797338,5.31,2.365,0.078,1.141,1.726
673,5.805378,5.502,2.35,0.074,1.14,1.938
674,5.814352,5.2,2.357,0.082,1.138,1.623
675,5.82261,5.024,2.365,0.07,1.14,1.449
676,5.832818,5.149,2.327,0.061,0.979,1.782
677,5.841138,5.147,2.363,0.068,0.983,1.733
678,5.849282,5.189,2.364,0.084,0.987,1.754
679,5.857801,5.076,2.332,0.055,0.987,1.702
680,5.866171,5.095,2.362,0.078,0.991,1.664
681,5.874246,5.454,2.376,0.068,1.23,1.78
682,5.883051,5.262,2.344,0.058,1.232,1.628
683,5.891161,5.307,2.366,0.065,1.234,1.642
684,5.901766,4.604,2.32,0.07,0.71,1.504
685,5.912018,4.364,2.39,0.084,1.156,0.734
686,5.920238,4.49,2.37,0.07,1.295,0.755
687,5.928616,4.479,2.374,0.052,1.244,0.809
688,5.93716,4.294,2.345,0.059,1.061,0.829
689,5.945083,4.638,2.343,0.063,1.478,0.754
690,5.95355,4.446,2.399,0.052,1.278,0.717
691,5.962262,4.131,2.377,0.081,0.951,0.722
692,5.970301,5.034,2.408,0.128,0.88,1.618
693,5.978631,4.918,2.375,0.069,0.885,1.589
694,5.986738,5.548,2.361,0.149,1.341,1.697
695,5.995573,5.211,2.389,0.079,1.348,1.395
696,6.003669,5.454,2.361,0.07,1.348,1.675
697,6.01228,5.153,2.395,0.067,1.349,1.342
698,6.022133,3.672,2.373,0.041,0.598,0.66
699,6.031179,4.456,2.386,0.068,0.713,1.289
700,6.039129,4.881,2.366,0.071,0.729,1.715
701,6.047099,5.056,2.392,0.059,0.733,1.872
702,6.055483,4.928,2.342,0.058,0.734,1.794
703,6.064082,4.746,2.384,0.064,0.744,1.554
704,6.072242,4.961,2.38,0.074,0.807,1.7
705,6.08088,4.667,2.412,0.075,0.798,1.382
706,6.091173,4.694,2.374,0.083,0.672,1.565
707,6.09934,4.902,2.37,0.067,0.778,1.687
708,6.10782,4.793,2.359,0.05,0.78,1.604
709,6.116101,4.819,2.369,0.064,0.78,1.606
710,6.12422,5.016,2.388,0.077,0.777,1.774
711,6.13279,4.926,2.34,0.071,0.768,1.747
712,6.143423,3.685,2.36,0.076,0.66,0.589
713,6.153395,3.684,2.39,0.087,0.667,0.54
714,6.161653,3.755,2.357,0.05,0.774,0.574
715,6.170298,3.829,2.375,0.085,0.799,0.57
716,6.178402,4.161,2.367,0.075,1.04,0.679
717,6.187108,3.992,2.345,0.063,0.796,0.788
718,6.195159,4.114,2.349,0.069,1.075,0.621
719,6.203267,4.294,2.365,0.083,1.285,0.561
720,6.211911,4.045,2.355,0.071,0.981,0.638
721,6.22034,4.678,2.361,0.078,0.707,1.532
722,6.228406,4.904,2.409,0.125,0.719,1.651
723,6.237353,4.74,2.376,0.09,0.786,1.488
724,6.245333,4.816,2.345,0.077,0.786,1.608
725,6.253685,4.713,2.375,0.067,0.792,1.479
726,6.262238,4.518,2.347,0.061,0.789,1.321
727,6.272146,3.683,2.387,0.072,0.623,0.601
728,6.28059,3.761,2.355,0.066,0.797,0.543
729,6.289595,4.352,2.384,0.074,0.72,1.174
730,6.297088,5.067,2.394,0.083,0.749,1.841
731,6.305518,4.887,2.391,0.066,0.748,1.682
732,6.314009,4.839,2.363,0.082,0.751,1.643
733,6.322449,4.617,2.363,0.072,0.753,1.429
734,6.33251,3.879,2.36,0.075,0.821,0.623
735,6.341225,4.007,2.372,0.074,0.815,0.746
736,6.349529,3.842,2.366,0.061,0.851,0.564
737,6.357524,4.93,2.4,0.049,0.715,1.766
738,6.365906,4.956,2.387,0.063,0.714,1.792
739,6.374538,4.574,2.334,0.078,0.71,1.452
740,6.382241,4.944,2.339,0.075,0.706,1.824
741,6.39142,4.562,2.358,0.069,0.721,1.414
742,6.401685,4.562,2.374,0.082,0.698,1.408
743,6.4119,3.688,2.361,0.07,0.644,0.613
744,6.420019,3.828,2.393,0.083,0.824,0.528
745,6.428381,3.707,2.388,0.093,0.797,0.429
746,6.436899,4.019,2.323,0.063,0.941,0.692
747,6.445009,4.113,2.382,0.086,1.107,0.538
748,6.453304,4.113,2.39,0.08,1.138,0.505
749,6.461607,4.152,2.367,0.05,1.188,0.547
750,6.470086,4.999,2.395,0.077,0.76,1.767
751,6.47836,4.996,2.379,0.081,0.806,1.73
752,6.487081,4.839,2.401,0.077,0.809,1.552
753,6.495522,4.561,2.343,0.085,0.813,1.32
754,6.503411,4.938,2.368,0.062,0.81,1.698
755,6.512028,4.779,2.4,0.102,0.809,1.468
756,6.52249,3.72,2.359,0.059,0.787,0.515
757,6.530567,3.949,2.404,0.065,1.001,0.479
758,6.539271,4.701,2.354,0.054,0.808,1.485
759,6.547202,5.033,2.416,0.077,0.912,1.628
760,6.55556,5.025,2.348,0.094,0.916,1.667
761,6.563577,5.334,2.379,0.132,0.906,1.917
762,6.572311,4.956,2.369,0.086,0.917,1.584
763,6.580978,4.736,2.385,0.052,0.913,1.386
764,6.591182,3.836,2.395,0.055,0.621,0.765
765,6.59931,3.802,2.365,0.066,0.857,0.514
766,6.607669,4.86,2.339,0.054,0.735,1.732
767,6.616151,4.736,2.395,0.064,0.735,1.542
768,6.624066,5.211,2.353,0.069,0.782,2.007
769,6.633064,4.623,2.333,0.051,0.786,1.453
770,6.643144,3.797,2.359,0.096,0.614,0.728
771,6.651941,3.915,2.384,0.058,0.807,0.666
772,6.659634,4.459,2.379,0.045,1.461,0.574
773,6.668111,4.382,2.363,0.042,1.332,0.645
774,6.676508,4.25,2.37,0.093,1.256,0.531
775,6.685059,4.181,2.342,0.058,1.071,0.71
776,6.693203,4.439,2.34,0.113,1.184,0.802
777,6.701616,4.702,2.369,0.079,0.811,1.443
778,6.712151,3.668,2.402,0.077,0.622,0.567
779,6.720112,4.032,2.357,0.056,1.042,0.577
780,6.728879,3.694,2.321,0.06,0.766,0.547
781,6.737071,3.836,2.375,0.075,0.852,0.534
782,6.745214,4.864,2.382,0.046,0.623,1.813
783,6.753683,4.739,2.349,0.061,0.779,1.55
784,6.762291,4.407,2.39,0.061,0.777,1.179
785,6.770247,4.823,2.364,0.061,0.807,1.591
786,6.780408,3.617,2.379,0.046,0.613,0.579
787,6.789353,4.674,2.372,0.075,0.798,1.429
788,6.797229,4.991,2.391,0.07,0.843,1.687
789,6.805879,4.708,2.368,0.05,0.843,1.447
790,6.813943,5.06,2.387,0.058,0.849,1.766
791,6.822526,4.68,2.331,0.068,0.843,1.438
792,6.830841,4.746,2.322,0.05,0.849,1.525
793,6.84105,3.94,2.392,0.072,0.822,0.654
794,6.849497,3.746,2.39,0.088,0.709,0.559
795,6.857604,4.96,2.383,0.047,0.776,1.754
796,6.866103,4.848,2.373,0.058,0.778,1.639
797,6.874634,4.632,2.358,0.063,0.799,1.412
798,6.882593,5.03,2.367,0.047,0.802,1.814
799,6.891454,4.591,2.376,0.061,0.851,1.303
800,6.901672,3.852,2.346,0.054,0.869,0.583
801,6.909723,4.121,2.341,0.051,1.158,0.571
802,6.918168,4.048,2.341,0.036,1.046,0.625
803,6.926479,4.637,2.377,0.045,0.582,1.633
804,6.934988,4.795,2.366,0.062,0.879,1.488
805,6.943399,4.836,2.359,0.069,0.878,1.53
806,6.951421,5.005,2.385,0.06,0.878,1.682
807,6.960031,4.71,2.361,0.077,0.881,1.391
808,6.970148,3.816,2.363,0.048,0.796,0.609
809,6.978797,3.678,2.387,0.06,0.69,0.541
810,6.987002,3.895,2.393,0.152,0.765,0.585
811,6.995376,4.716,2.384,0.045,0.747,1.54
812,7.003638,4.756,2.353,0.054,0.748,1.601
813,7.011943,4.853,2.373,0.059,0.77,1.651
814,7.022219,3.855,2.391,0.074,0.858,0.532
815,7.030638,3.786,2.401,0.063,0.761,0.561
816,7.039002,3.796,2.377,0.07,0.754,0.595
817,7.047629,3.836,2.359,0.044,0.8,0.633
818,7.05583,3.972,2.352,0.073,0.941,0.606
819,7.064119,4.52,2.354,0.04,0.59,1.536
820,7.072353,4.738,2.366,0.064,0.72,1.588
821,7.082533,3.791,2.418,0.048,0.773,0.552
822,7.090798,3.859,2.355,0.046,0.902,0.556
823,7.099618,3.661,2.361,0.045,0.601,0.654
824,7.107646,3.911,2.347,0.048,0.918,0.598
825,7.116042,3.868,2.38,0.042,0.828,0.618
826,7.124194,4.023,2.407,0.058,0.98,0.578
827,7.132708,3.899,2.347,0.05,0.863,0.639
828,7.141081,3.828,2.357,0.07,0.812,0.589
829,7.151941,4.509,2.401,0.061,0.756,1.291
830,7.159716,4.937,2.343,0.059,0.759,1.776
831,7.167985,5.002,2.375,0.061,0.754,1.812
832,7.176689,4.641,2.34,0.063,0.775,1.463
833,7.184577,5.074,2.375,0.064,0.775,1.86
834,7.193148,4.925,2.376,0.059,0.779,1.711
835,7.201399,4.876,2.385,0.066,0.778,1.647
836,7.212082,4.424,2.373,0.083,1.378,0.59
837,7.22266,4.146,2.359,0.056,0.899,0.832
838,7.230503,4.417,2.379,0.089,1.368,0.581
839,7.238944,4.313,2.391,0.051,1.246,0.625
840,7.247491,4.119,2.386,0.084,1.039,0.61
841,7.255351,4.551,2.386,0.068,1.509,0.588
842,7.263788,4.43,2.349,0.046,1.445,0.59
843,7.272282,3.985,2.365,0.072,1.269,0.279
844,7.280521,4.336,2.425,0.231,1.165,0.515
845,7.289411,4.466,2.381,0.07,0.721,1.294
846,7.29771,4.48,2.353,0.092,0.754,1.281
847,7.305587,4.879,2.413,0.049,0.755,1.662
848,7.314154,4.738,2.378,0.121,0.721,1.518
849,7.322215,4.986,2.396,0.082,0.752,1.756
850,7.333012,4.578,2.337,0.062,0.701,1.478
851,7.340992,4.919,2.376,0.079,0.721,1.743
852,7.349539,4.824,2.406,0.078,0.77,1.57
853,7.357596,4.999,2.382,0.068,0.771,1.778
854,7.36607,4.849,2.369,0.078,0.773,1.629
855,7.374714,4.604,2.336,0.07,0.772,1.426
856,7.382955,4.709,2.366,0.067,0.773,1.503
857,7.391331,4.585,2.379,0.08,0.77,1.356
858,7.4013,3.741,2.376,0.076,0.644,0.645
859,7.410053,3.667,2.389,0.087,0.572,0.619
860,7.41815,3.923,2.366,0.082,0.838,0.637
861,7.426471,4.778,2.368,0.077,0.732,1.601
862,7.434769,4.907,2.348,0.065,0.738,1.756
863,7.442967,5.072,2.343,0.078,0.797,1.854
864,7.451606,4.807,2.351,0.08,0.792,1.584
865,7.461818,3.712,2.341,0.062,0.651,0.658
866,7.470199,4.897,2.378,0.078,0.697,1.744
867,7.478621,4.745,2.347,0.083,0.699,1.616
868,7.4871,4.672,2.38,0.094,0.754,1.444
869,7.49525,4.842,2.358,0.081,0.751,1.652
870,7.503857,4.656,2.329,0.078,0.749,1.5
871,7.512047,4.838,2.367,0.088,0.753,1.63
872,7.520426,4.662,2.381,0.076,0.75,1.455
873,7.530518,3.62,2.366,0.067,0.598,0.589
874,7.539166,4.408,2.388,0.077,0.561,1.382
875,7.547639,4.509,2.367,0.084,0.689,1.369
876,7.555636,4.855,2.344,0.065,0.686,1.76
877,7.564121,4.676,2.379,0.084,0.692,1.521
878,7.572091,5.043,2.36,0.079,0.677,1.927
879,7.582477,3.617,2.375,0.072,0.587,0.583
880,7.59097,3.608,2.37,0.082,0.619,0.537
881,7.599573,3.929,2.388,0.066,0.831,0.644
882,7.607669,4.859,2.342,0.057,0.554,1.906
883,7.61631,4.697,2.384,0.073,0.692,1.548
884,7.624576,4.784,2.403,0.094,0.731,1.556
885,7.632749,5.005,2.336,0.085,0.713,1.871
886,7.641276,4.755,2.38,0.074,0.703,1.598
887,7.651385,5.155,2.367,0.061,0.7,2.027
888,7.659852,4.981,2.346,0.085,0.703,1.847
889,7.668074,5.03,2.357,0.078,0.702,1.893
890,7.676269,5.348,2.397,0.068,0.702,2.181
891,7.684683,5.634,2.335,0.079,1.18,2.04
892,7.69311,5.302,2.319,0.082,1.18,1.721
893,7.701932,5.24,2.396,0.072,1.183,1.589
894,7.71025,5.011,2.363,0.083,1.183,1.382
895,7.719878,3.613,2.299,0.093,0.834,0.387
896,7.72868,3.66,2.338,0.066,0.649,0.607
897,7.736885,3.862,2.327,0.082,0.807,0.646
898,7.745234,4.983,2.321,0.079,0.714,1.869
899,7.753799,4.793,2.328,0.063,0.708,1.694
900,7.762157,4.783,2.374,0.091,0.721,1.597
901,7.77204,3.711,2.336,0.085,0.585,0.705
902,7.780634,3.563,2.359,0.063,0.563,0.578
903,7.789162,3.655,2.318,0.076,0.67,0.591
904,7.797259,3.843,2.382,0.09,0.827,0.544
905,7.805698,3.761,2.324,0.059,0.795,0.583
906,7.813756,5.295,2.33,0.104,0.795,2.066
907,7.82241,5.016,2.37,0.082,0.798,1.766
908,7.830859,4.875,2.374,0.07,0.8,1.631
909,7.840953,3.678,2.37,0.096,0.57,0.642
910,7.849414,3.803,2.36,0.082,0.8,0.561
911,7.857805,4.989,2.357,0.091,0.75,1.791
912,7.866026,4.836,2.293,0.09,0.754,1.699
913,7.874461,5.015,2.366,0.09,0.753,1.806
914,7.882524,5.195,2.364,0.073,0.755,2.003
915,7.89112,4.964,2.324,0.079,0.756,1.805
916,7.899688,4.661,2.331,0.08,0.754,1.496
917,7.909533,3.565,2.363,0.099,0.568,0.535
918,7.918231,3.897,2.353,0.076,0.846,0.622
919,7.926743,4.637,2.322,0.059,0.727,1.529
920,7.934653,5.107,2.323,0.076,0.723,1.985
921,7.943432,4.633,2.352,0.069,0.724,1.488
922,7.951548,4.875,2.373,0.069,0.722,1.711
923,7.961942,3.801,2.336,0.075,0.781,0.609
924,7.970151,3.956,2.385,0.08,0.857,0.634
925,7.978723,3.872,2.348,0.072,0.831,0.621
926,7.986835,4.073,2.331,0.083,1.069,0.59
927,7.995283,3.948,2.324,0.364,0.658,0.602
928,8.003727,3.76,2.382,0.067,0.793,0.518
929,8.01171,4.087,2.344,0.05,1.183,0.51
930,8.022215,5.051,2.372,0.082,0.677,1.92
931,8.032535,3.624,2.382,0.072,0.614,0.556
932,8.04082,3.665,2.318,0.049,0.724,0.574
933,8.049397,3.779,2.338,0.062,0.768,0.611
934,8.0575,3.956,2.361,0.077,0.976,0.542
935,8.065858,3.907,2.331,0.069,0.981,0.526
936,8.074105,4.131,2.36,0.09,1.041,0.64
937,8.082668,3.82,2.345,0.046,0.824,0.605
938,8.09115,3.744,2.347,0.06,0.783,0.554
939,8.099379,3.823,2.364,0.065,0.869,0.525
940,8.107931,4.998,2.367,0.085,0.812,1.734
941,8.116165,5.041,2.356,0.075,0.822,1.788
942,8.124549,4.874,2.363,0.078,0.826,1.607
943,8.132719,5.112,2.33,0.047,0.823,1.912
944,8.14121,4.936,2.38,0.064,0.826,1.666
945,8.151177,4.066,2.363,0.095,1.09,0.518
946,8.159722,4.213,2.361,0.216,0.947,0.689
947,8.168133,4.045,2.377,0.141,0.935,0.592
948,8.176781,3.928,2.356,0.134,0.759,0.679
949,8.184559,4.426,2.375,0.121,1.309,0.621
950,8.193208,4.138,2.471,0.13,0.888,0.649
951,8.201793,4.181,2.373,0.219,0.84,0.749
952,8.21229,4.954,2.361,0.199,0.796,1.598
953,8.220414,5.419,2.399,0.182,1.133,1.705
954,8.228303,5.893,2.377,0.166,1.133,2.217
955,8.236857,5.595,2.342,0.179,1.132,1.942
956,8.24542,5.338,2.376,0.16,1.134,1.668
957,8.253534,5.601,2.377,0.174,1.131,1.919
958,8.261834,5.625,2.355,0.165,1.126,1.979
959,8.272454,4.981,2.39,0.14,0.732,1.719
960,8.282652,3.905,2.331,0.146,0.812,0.616
961,8.290995,4.028,2.384,0.129,0.86,0.655
962,8.299419,3.971,2.388,0.149,0.835,0.599
963,8.307579,4.319,2.381,0.196,0.976,0.766
964,8.3157,4.253,2.322,0.206,1.245,0.48
965,8.324247,4.333,2.393,0.133,1.031,0.776
966,8.333396,4.978,2.352,0.151,1.147,1.328
